timestamp, j1, j2, j3, j4, j5, j6, x, y, z, rx, ry, rz
 0.0000000, -46.9997, -116.11, -80.8673, -72.7313, 87.4563, -93.2145, 0.3649, -0.5596,  0.275, 2.8736, -1.1588, -0.0215
 0.2000000, -46.9997, -116.11, -80.8615, -72.7255, 87.4505, -93.2145, 0.3649, -0.5596,  0.275, 2.8735, -1.1588, -0.0213
 0.4000000, -46.9997, -116.11, -80.8673, -72.7255, 87.4563, -93.2145,  0.365, -0.5596,  0.275, 2.8736, -1.1588, -0.0214
 0.7040000, -46.9997, -116.11, -80.8615, -72.7255, 87.4505, -93.2088, 0.3649, -0.5596,  0.275, 2.8735, -1.1588, -0.0213
 0.8080000, -46.9997, -116.11, -80.8615, -72.7255, 87.4563, -93.2145,  0.365, -0.5596,  0.275, 2.8736, -1.1588, -0.0214
 1.1040000, -46.9997, -116.11, -80.8673, -72.7313, 87.4505, -93.2145, 0.3649, -0.5596,  0.275, 2.8736, -1.1588, -0.0215
 1.3040000, -46.9997, -116.116, -80.8615, -72.7255, 87.4505, -93.2145, 0.3649, -0.5596,  0.275, 2.8736, -1.1588, -0.0215
 1.5120000, -46.9997, -116.11, -80.8673, -72.7313, 87.4505, -93.2145, 0.3649, -0.5596,  0.275, 2.8736, -1.1588, -0.0215
 1.7120000, -46.9997, -116.11, -80.8673, -72.7255, 87.4505, -93.2145,  0.365, -0.5596,  0.275, 2.8736, -1.1587, -0.0214
 1.9120000, -46.9997, -116.11, -80.8615, -72.7255, 87.4563, -93.2145,  0.365, -0.5596,  0.275, 2.8736, -1.1587, -0.0214
 2.1120000, -46.9997, -116.11, -80.8615, -72.7255, 87.4563, -93.2145, 0.3649, -0.5596,  0.275, 2.8736, -1.1588, -0.0214
 2.3120000, -46.994, -116.15, -80.9016, -72.737, 87.4563, -93.2145,  0.365, -0.5596, 0.2743, 2.8742, -1.1588, -0.0233
 2.5120000, -46.9997, -116.391, -81.0506, -72.8172, 87.4505, -93.2145,  0.365, -0.5597, 0.2701, 2.8774,  -1.16, -0.0352
 2.7120000, -46.994, -116.477, -81.085, -72.8229, 87.4505, -93.2145, 0.3651, -0.5598, 0.2688, 2.8783, -1.1602, -0.0382
 2.9120000, -46.994, -116.488, -81.0964, -72.8229, 87.4563, -93.2145, 0.3651, -0.5598, 0.2686, 2.8785, -1.1602, -0.0388
 3.1200000, -46.9997, -116.494, -81.1022, -72.8229, 87.4563, -93.2145, 0.3651, -0.5598, 0.2684, 2.8786, -1.1603, -0.0391
 3.3200000, -46.9997, -116.5, -81.1136, -72.8115, 87.4505, -93.2145, 0.3651, -0.5598, 0.2683, 2.8785, -1.1602, -0.0392
 3.5200000, -46.9997, -116.5, -81.0964, -72.7828, 87.4448, -93.2202, 0.3651, -0.5599, 0.2685, 2.8782, -1.1601, -0.0383
 3.7200000, -46.9997, -116.5, -81.0964, -72.7714, 87.4448, -93.2145, 0.3652, -0.5599, 0.2685, 2.8781, -1.1601, -0.038
 3.9200000, -46.9997, -116.505, -81.0964, -72.7599, 87.4448, -93.2202, 0.3652, -0.5599, 0.2685, 2.8781,  -1.16, -0.0379
 4.1200000, -46.9997, -116.54, -81.1022, -72.7542, 87.4448, -93.2202, 0.3653,  -0.56, 0.2681, 2.8783, -1.1601, -0.0386
 4.3280000, -46.9997, -116.597, -81.0678, -72.6797, 87.4448, -93.2145, 0.3656, -0.5603, 0.2678, 2.8779,  -1.16, -0.0373
 4.5280000, -46.994, -116.752, -80.8501, -72.6854, 87.4448, -93.1744, 0.3664, -0.5612, 0.2678, 2.8771, -1.1609, -0.0359
 4.7280000, -46.994, -116.975, -80.5292, -72.7427, 87.4563, -93.0541, 0.3676, -0.5624, 0.2677, 2.8758, -1.1639, -0.0349
 4.8240000, -46.9711, -117.113, -80.3344, -72.8459, 87.462, -92.9853, 0.3685, -0.5629, 0.2676, 2.8757, -1.165, -0.0357
 5.1280000, -46.8565, -117.422, -79.813, -73.2756, 87.4735, -92.9051, 0.3711, -0.5638, 0.2676, 2.8777, -1.1648, -0.0408
 5.3280000, -46.7763, -117.531, -79.6354, -73.3959, 87.4792, -92.9166, 0.3725, -0.5638, 0.2676,  2.879, -1.1627, -0.0419
 5.5280000, -46.6273, -117.651, -79.4406, -73.436, 87.4792, -92.9051, 0.3746, -0.5636, 0.2676, 2.8801, -1.1591, -0.0412
 5.7280000, -46.5013, -117.8,  -79.2, -73.585, 87.4735, -92.8765, 0.3766, -0.5635, 0.2677, 2.8814, -1.1566, -0.0425
 5.9280000, -46.3294, -118.018, -78.839, -73.7798, 87.4677, -92.6931, 0.3794, -0.5636, 0.2678, 2.8814, -1.1571, -0.0436
 6.1360000, -46.1288, -118.253, -78.4437, -74.0261, 87.462, -92.4926, 0.3826, -0.5635, 0.2679, 2.8818, -1.157, -0.0457
 6.3360000, -45.9111, -118.534, -77.9738, -74.284, 87.4563, -92.315, 0.3862, -0.5636,  0.268, 2.8825, -1.1561, -0.0473
 6.5360000, -45.6762, -118.877, -77.4295, -74.559, 87.462, -92.292, 0.3902, -0.5638,  0.268, 2.8851, -1.1509, -0.0487
 6.7360000, -45.3725, -119.284, -76.8107, -74.7252, 87.462, -92.1717, 0.3954, -0.5639,  0.268, 2.8866, -1.1463, -0.0476
 6.9360000, -45.086, -119.702, -76.1518, -74.9486, 87.4792, -91.9196, 0.4004, -0.5642,  0.268, 2.8869, -1.1455, -0.0467
 7.1360000, -44.7652, -120.103, -75.5044, -75.1778, 87.4907, -91.7019, 0.4058, -0.5641, 0.2683, 2.8879, -1.1429, -0.0457
 7.3360000, -44.4042, -120.608, -74.6793, -75.4986, 87.5021, -91.3925, 0.4121, -0.5642, 0.2685, 2.8884, -1.1415, -0.0454
 7.5360000, -43.986, -121.249, -73.6251, -75.9456, 87.5594, -91.0545, 0.4197, -0.5644, 0.2687, 2.8901,  -1.14, -0.0453
 7.7360000, -43.5391, -121.868, -72.5938, -76.3982, 87.5651, -90.8768, 0.4274, -0.5643, 0.2689,  2.893, -1.1332, -0.0461
 7.9440000, -43.1609, -122.412, -71.6656, -76.8909, 87.5537, -90.4815,  0.434, -0.5641, 0.2691, 2.8931, -1.1336, -0.0486
 8.1440000, -42.7427, -123.003, -70.7145, -77.1831, 87.5537, -89.8341, 0.4412, -0.5639, 0.2693, 2.8902, -1.1393, -0.0463
 8.3440000, -42.3072, -123.604, -69.7404, -77.504, 87.5537, -88.734, 0.4488, -0.5635, 0.2694, 2.8829, -1.1558, -0.0442
 8.5440000, -41.9176, -124.223, -68.7034, -77.9624, 87.5537, -86.7114, 0.4559, -0.5634, 0.2696, 2.8658, -1.1965, -0.044
 8.7440000, -41.4936, -124.968, -67.5059, -78.4551, 87.5537, -83.9154, 0.4639, -0.5634, 0.2694, 2.8399, -1.2554, -0.0434
 8.9440000, -41.1097, -125.621, -66.3943, -78.965, 87.5594, -81.4689, 0.4711, -0.5633, 0.2696, 2.8165, -1.3062, -0.0434
 9.1440000, -40.8061, -126.217, -65.3974, -79.475, 87.548, -79.0166, 0.4771, -0.5634, 0.2695, 2.7911, -1.3586, -0.0448
 9.3520000, -40.531, -126.796, -64.4119, -79.9906, 87.5537, -76.7706, 0.4827, -0.5636, 0.2695, 2.7673, -1.4063, -0.0465
 9.5520000, -40.2904, -127.22, -63.6843, -80.3058, 87.548, -74.5475, 0.4873, -0.5635, 0.2696,  2.742, -1.4536, -0.0456
 9.7520000, -40.0784, -127.54, -63.1285, -80.5521, 87.4792, -72.1125,  0.491, -0.5632, 0.2698, 2.7117, -1.5056, -0.0448
 9.9520000, -39.9122, -127.878, -62.5498, -80.8443, 87.462, -69.7404, 0.4942, -0.5632, 0.2698, 2.6816, -1.5572, -0.0449
10.1520000, -39.7346, -128.216, -61.9711, -81.0735, 87.462, -67.334, 0.4978, -0.5631, 0.2699, 2.6503, -1.6087, -0.0431
10.3520000, -39.5685, -128.532, -61.4383, -81.2913, 87.4505, -65.4375,  0.501, -0.563, 0.2698, 2.6251, -1.6482, -0.0422
10.5520000, -39.4539, -128.801, -60.9627, -81.5777, 87.4448, -64.2228, 0.5034, -0.5631, 0.2699,  2.609, -1.6731, -0.0434
10.7600000, -39.3622, -129.064, -60.4986, -81.7725, 87.4448, -63.5296, 0.5057, -0.5633,   0.27,    2.6, -1.6866, -0.0429
10.9600000, -39.2591, -129.362, -60.0059, -81.8642, 87.399, -63.3749, 0.5083, -0.5638, 0.2701, 2.5983, -1.6873, -0.0401
11.1600000, -39.1674, -129.821, -59.2381, -82.2252, 87.2042, -64.1426, 0.5112, -0.5651, 0.2699, 2.6083, -1.666, -0.0423
11.2560000, -39.1674, -130.124, -58.7282, -82.4658, 87.1469, -65.2312, 0.5126, -0.5663, 0.2698, 2.6234, -1.6407, -0.0442
11.4560000, -39.2304, -130.732, -57.6797, -82.9185, 87.1068, -70.1644,  0.515, -0.5694, 0.2699, 2.6913, -1.5281, -0.0478
11.6640000, -39.2591, -131.425, -56.4535, -83.4284, 87.1755, -76.1289, 0.5182, -0.5724, 0.2702, 2.7692, -1.3881, -0.0505
11.8640000, -39.2132, -132.118, -55.2446, -83.9555, 87.4964, -81.1079, 0.5222, -0.5743, 0.2702, 2.8336, -1.2682, -0.0515
12.0640000, -39.0929, -132.588, -54.4253, -84.242, 87.6969, -85.4108, 0.5259, -0.5749, 0.2702, 2.8844, -1.1596, -0.0506
12.2640000, -38.9726, -132.909, -53.8752, -84.4253, 87.7886, -90.7794, 0.5288, -0.5749, 0.2703, 2.9392, -1.021, -0.0508
12.4640000, -38.8236, -133.276, -53.2507, -84.6144, 87.8516, -95.386, 0.5321, -0.5749, 0.2703, 2.9807, -0.8989, -0.0501
12.6720000, -38.6231, -133.734, -52.4314, -85.0212, 87.8573, -99.752, 0.5363, -0.5747, 0.2704, 3.0157, -0.7796, -0.0528
12.8720000, -38.3251, -134.147, -51.698, -85.3535, 87.9834, -103.7, 0.5412, -0.5733, 0.2704, 3.0455, -0.6683, -0.0527
13.0720000, -37.9928, -134.513, -51.0391, -85.6228, 87.9891, -106.295, 0.5462, -0.5715, 0.2705, 3.0623, -0.5904, -0.0529
13.2720000, -37.6949, -134.903, -50.3286, -85.9609, 87.9949, -107.412,  0.551,  -0.57, 0.2707, 3.0698, -0.5525, -0.0536
13.4720000, -37.374, -135.401, -49.4405, -86.4307, 87.9891, -107.269, 0.5563, -0.5685, 0.2706,  3.071, -0.5478, -0.0554
13.6720000, -37.1105, -135.848, -48.6212, -86.889, 87.9949, -106.811, 0.5609, -0.5674, 0.2705, 3.0706, -0.5531, -0.0573
13.8720000, -36.9214, -136.146, -48.0712, -87.2271, 87.9949, -106.003, 0.5639, -0.5665, 0.2706, 3.0678, -0.5697, -0.059
14.0720000, -36.7438, -136.352, -47.6873, -87.4219, 87.9719, -103.717, 0.5666, -0.5654, 0.2707, 3.0559, -0.6259, -0.0589
14.2800000, -36.5776, -136.53, -47.3492, -87.5881, 87.9433, -99.328,  0.569, -0.5644, 0.2708, 3.0289, -0.7375, -0.058
14.4800000, -36.4974, -136.645, -47.12, -87.7485, 87.9032, -95.3344, 0.5702, -0.564, 0.2709, 3.0004,  -0.84, -0.0582
14.6800000, -36.4344, -136.719, -46.9711, -87.886, 87.8287, -89.6622,  0.571, -0.5637, 0.2709, 2.9531, -0.9849, -0.0583
14.8800000, -36.3656, -136.731, -46.9539, -87.9204, 87.7485, -83.9211, 0.5716, -0.5631, 0.2708, 2.8979, -1.1287, -0.0572
15.0800000, -36.3255, -136.731, -46.9539, -87.9318, 87.6855, -79.051,  0.572, -0.5627, 0.2708, 2.8453, -1.2488, -0.0557
15.2800000, -36.2682, -136.725, -46.9482, -87.9376, 87.674, -72.8115, 0.5725, -0.5621, 0.2709, 2.7721, -1.3993, -0.0528
15.4800000, -36.1708, -136.725, -46.9539, -87.9433, 87.6625, -68.1877, 0.5734, -0.5612, 0.2708, 2.7133, -1.5071, -0.0508
15.6800000, -36.0276, -136.725, -46.9596, -87.949, 87.6224, -64.4864, 0.5748, -0.5598, 0.2708, 2.6638, -1.5897, -0.0491
15.8800000, -35.8271, -136.679, -47.0398, -87.9605, 87.5021, -61.5815, 0.5764, -0.5577, 0.2708, 2.6232, -1.6505, -0.0488
16.0880000, -35.5463, -136.456, -47.4294, -87.9261, 87.4735, -59.8168, 0.5779, -0.5541, 0.2706, 2.6008, -1.6837, -0.0512
16.2880000, -35.1567, -135.934, -48.329, -87.8058, 87.4448, -59.1751,  0.579, -0.5483, 0.2704, 2.5965, -1.6889, -0.0576
16.4880000, -34.6181, -135.063, -49.813, -87.4334, 87.4391, -59.2782, 0.5798, -0.5399, 0.2705, 2.6059, -1.674, -0.0639
16.6880000, -33.9363, -133.935, -51.7553, -86.8833, 87.4735, -60.6075, 0.5805, -0.5291, 0.2704, 2.6356, -1.6283, -0.0714
16.8880000, -33.2602, -132.56, -54.1388, -85.8921, 87.5365, -64.7156,   0.58, -0.5176, 0.2704, 2.7034, -1.5181, -0.0738
17.0880000, -32.6414, -131.276, -56.3676, -84.8608, 87.6797, -69.431, 0.5791, -0.507, 0.2705, 2.7747, -1.3928, -0.0732
17.2960000, -32.1143, -130.176, -58.3099, -83.8753, 87.8001, -75.7336, 0.5781, -0.4978, 0.2704, 2.8565, -1.2266, -0.0717
17.4960000, -31.8278, -129.437, -59.5704, -83.2393, 88.0006, -82.8382, 0.5768, -0.4923, 0.2705, 2.9351, -1.0421, -0.0706
17.6960000, -31.7075, -128.973, -60.3668, -83.056, 88.1037, -90.3956, 0.5751, -0.4892, 0.2702, 3.0033, -0.8447, -0.0763
17.8960000, -31.7132, -128.709, -60.808, -83.033, 88.1381, -96.1595, 0.5735, -0.4882,   0.27, 3.0457, -0.6934, -0.0816
18.0960000, -31.7247, -128.612, -60.957, -83.0388, 88.1839, -99.6431, 0.5728, -0.4879,   0.27, 3.0679, -0.6014, -0.0835
18.2960000, -31.7304, -128.297, -61.4612, -82.9987, 88.1839, -100.841, 0.5708, -0.4867, 0.2699, 3.0754, -0.5696, -0.0874
18.5040000, -31.7591, -127.449, -62.8764, -82.5346, 88.2183, -101.901, 0.5656, -0.4839, 0.2698,  3.082, -0.5423,  -0.09
18.7040000, -31.8221, -126.463, -64.5494, -81.7267, 88.2985, -102.834, 0.5597, -0.481, 0.2697, 3.0872, -0.519, -0.0863
18.9040000, -31.8794, -125.398, -66.3084, -81.0334, 88.373, -103.069,  0.553, -0.4776, 0.2697, 3.0894, -0.5145, -0.0856
19.1040000, -31.8908, -124.429, -67.9241, -80.1339, 88.4074, -101.671, 0.5475, -0.4742, 0.2699, 3.0812, -0.5523, -0.0786
19.3040000, -31.8278, -123.73, -69.1044, -79.4349, 88.4131, -93.3004,  0.544, -0.4711, 0.2699, 3.0287, -0.7729, -0.0715
19.5040000, -31.7132, -123.369, -69.7118, -79.1312, 88.3673, -86.1041, 0.5428, -0.4688, 0.2699, 2.9716, -0.9573, -0.0684
19.7040000, -31.5069, -122.894, -70.491, -78.8447, 88.3214, -79.4062, 0.5415, -0.4651, 0.2698, 2.9095, -1.1228, -0.0671
19.9040000, -31.0772, -122.029, -71.889, -78.4437, 88.2584, -74.4673, 0.5394, -0.4577, 0.2695, 2.8605, -1.2351, -0.0692
20.1120000, -30.4814, -120.814, -73.8714, -77.6988, 88.0235, -70.852, 0.5361, -0.4478, 0.2691, 2.8219, -1.3076, -0.0687
20.3120000, -30.0402, -119.811, -75.47, -77.2233, 87.9089, -70.9035, 0.5328,  -0.44, 0.2687, 2.8257, -1.2946, -0.0723
20.5120000, -29.8683, -119.238, -76.3753, -76.954, 87.9433, -76.9712, 0.5303, -0.4361, 0.2685, 2.8948,  -1.14, -0.0763
20.7120000, -29.8511, -118.889, -76.8852, -76.8623, 88.098, -84.941, 0.5283, -0.4344, 0.2686, 2.9732, -0.9374, -0.0804
20.9120000, -29.8511, -118.608, -77.3149, -76.7592, 88.2756, -90.7451, 0.5265, -0.4331, 0.2685, 3.0224, -0.7873, -0.0822
21.1120000, -29.8568, -118.304, -77.7676, -76.6618, 88.4475, -96.4231, 0.5246, -0.4318, 0.2685, 3.0633, -0.638, -0.0834
21.3200000, -29.8797, -117.886, -78.4207, -76.5529, 88.5621, -102.267, 0.5216, -0.4302, 0.2682,  3.097, -0.4825, -0.0865
21.5200000, -30.0574, -117.141, -79.5208, -76.3581, 88.6423, -107.349, 0.5152, -0.4288, 0.2682, 3.1196, -0.3501, -0.0902
21.7200000, -30.361, -115.909, -81.3715, -75.831, 88.7684, -109.836, 0.5048, -0.4265,  0.268, -3.1238, 0.2904,  0.091
21.9200000, -30.7163, -114.276, -83.8581, -74.8397, 88.8829, -110.506, 0.4915, -0.423, 0.2678, -3.1235, 0.2818, 0.0861
22.1200000, -30.9626, -112.827, -86.0468, -73.9001, 88.9059, -110.306, 0.4801, -0.4194, 0.2677, -3.1236, 0.2942, 0.0809
22.3200000, -31.146, -111.658, -87.7829, -73.1839, 88.8944, -109.24,  0.471, -0.4162, 0.2675, -3.122, 0.3284, 0.0773
22.5200000, -31.3752, -110.575, -89.3528, -72.6167, 88.7569, -107.304, 0.4619, -0.4138, 0.2674, 3.1146, -0.3871, -0.077
22.7200000, -31.6215, -109.767, -90.5388, -72.0666, 88.5965, -105.401, 0.4547, -0.4127, 0.2673, 3.1024, -0.4448, -0.0741
22.9280000, -31.8106, -109.189, -91.3753, -71.7458, 88.4074, -102.284, 0.4493, -0.412, 0.2672, 3.0837, -0.5333, -0.0742
23.1280000, -31.9367, -108.765, -91.9941, -71.4364, 88.2871, -96.7095, 0.4455, -0.4114, 0.2672, 3.0487, -0.6848, -0.0713
23.3280000, -32.0341, -108.421, -92.4868, -71.1728, 88.1782, -90.6247, 0.4425, -0.4109, 0.2672, 3.0029, -0.8468, -0.0676
23.4320000, -32.0742, -108.266, -92.7046, -71.0238, 88.0923, -87.2672, 0.4412, -0.4108, 0.2673, 2.9735, -0.9347, -0.065
23.7360000, -32.0914, -108.02, -93.0885, -70.7717, 87.7886, -76.5071, 0.4393, -0.4102, 0.2672, 2.8642, -1.2062, -0.0591
23.9360000, -32.0914, -107.94, -93.2145, -70.6514, 87.5709, -68.732, 0.4386, -0.4102, 0.2672, 2.7702, -1.3948, -0.054
24.1360000, -32.1143, -107.917, -93.2661, -70.5941, 87.4276, -65.0135, 0.4382, -0.4105, 0.2671,   2.72, -1.4827, -0.0514
24.3360000, -32.2174, -107.865, -93.3577, -70.4509, 87.4219, -63.1915, 0.4372, -0.4111, 0.2672, 2.6942, -1.5278, -0.0475
24.5360000, -32.332, -107.831, -93.4265, -70.3306, 87.4276, -62.1487, 0.4362, -0.4119, 0.2672, 2.6784, -1.5549, -0.0447
24.7360000, -32.4924, -107.836, -93.4208, -70.2905, 87.4219, -61.9883, 0.4351, -0.4131, 0.2672,  2.674, -1.5624, -0.0437
24.9360000, -32.7159, -107.865, -93.3807, -70.3134, 87.4276, -62.6243, 0.4337, -0.4149, 0.2672, 2.6799, -1.5528, -0.0446
25.1440000, -32.9508, -107.917, -93.2947, -70.4165, 87.4448, -64.4234, 0.4323, -0.4169, 0.2672, 2.7016, -1.5165, -0.0477
25.3440000, -33.1513, -107.934, -93.2489, -70.5769, 87.462, -67.0533, 0.4309, -0.4184, 0.2671, 2.7342, -1.4594, -0.0527
25.5440000, -33.3863, -107.928, -93.2432, -70.703, 87.6224, -70.554, 0.4291, -0.4198,  0.267, 2.7783, -1.3827, -0.0574
25.7440000, -33.6212, -107.905, -93.2432, -70.8806, 87.7829, -75.4815, 0.4272, -0.4212,  0.267,  2.837, -1.2698, -0.0635
25.9440000, -33.8332, -107.859, -93.2661, -71.0811, 87.949, -80.5349, 0.4254, -0.4223, 0.2669,  2.893, -1.1507, -0.0697
26.1440000, -34.0165, -107.768, -93.3807, -71.1499, 88.1324, -85.1243, 0.4235, -0.423, 0.2668, 2.9401, -1.0405, -0.0725
26.3440000, -34.1368, -107.636, -93.5583, -71.1499, 88.2699, -88.9402, 0.4218, -0.423, 0.2668, 2.9759, -0.9465, -0.0739
26.5440000, -34.2342, -107.521, -93.7015, -71.1499, 88.4303, -92.7332, 0.4204, -0.4231, 0.2668, 3.0091, -0.8514, -0.0742
26.7520000, -34.3431, -107.286, -94.0052, -71.1442, 88.6366, -96.572, 0.4182, -0.4225, 0.2667, 3.0405, -0.7544, -0.0748
26.9520000, -34.4348, -106.885, -94.538, -71.0238, 88.8772, -99.9926, 0.4151, -0.4211, 0.2667, 3.0665, -0.6669, -0.0731
27.1520000, -34.4691, -106.146, -95.5293, -70.8577, 89.0949, -102.393,   0.41, -0.4177, 0.2665, -3.0796, 0.6037, 0.0729
27.3520000, -34.8129, -105.155, -96.8929, -70.5769, 88.9116, -103.379, 0.4006, -0.4157,  0.266, -3.0846, 0.5865, 0.0773
27.5520000, -35.2312, -104.187, -98.1992, -70.1988, 88.6079, -102.726,  0.391, -0.4144, 0.2658, 3.0753, -0.6143, -0.0796
27.6560000, -35.4489, -103.671, -98.9269, -69.7805, 88.5392, -102.124, 0.3862, -0.4137, 0.2657, 3.0684, -0.6358, -0.075
27.9520000, -36.1193, -102.749, -100.222, -68.8924, 88.2871, -99.6947, 0.3755, -0.4145, 0.2658, 3.0421, -0.7169, -0.0644
28.1520000, -36.6521, -102.244, -100.921, -68.4799, 88.1954, -96.595, 0.3685, -0.4157, 0.2657, 3.0143, -0.812, -0.0591
28.3600000, -37.2824, -101.82, -101.499, -68.1648, 88.1954, -94.4922, 0.3615, -0.4177, 0.2656, 2.9934, -0.8812, -0.0547
28.5600000, -37.9298, -101.488, -101.929, -68.0387, 88.2011, -93.9765, 0.3545, -0.4202, 0.2656, 2.9836, -0.9136, -0.054
28.7600000, -38.6116, -101.207, -102.273, -68.0502, 88.2011, -94.7386, 0.3476, -0.4229, 0.2655, 2.9851, -0.9117, -0.0561
28.9600000, -39.3507, -100.984, -102.531, -68.1591, 88.2183, -96.6637, 0.3406, -0.4261, 0.2653, 2.9962, -0.8814, -0.0603
29.0640000, -39.7404, -100.892, -102.634, -68.245, 88.2298, -98.4399, 0.3371, -0.4279, 0.2652, 3.0083, -0.8453, -0.0632
29.2640000, -40.468, -100.737, -102.806, -68.2851, 88.3673, -102.17, 0.3308, -0.4311, 0.2652, 3.0334, -0.7673, -0.064
29.4640000, -41.2071, -100.686, -102.886, -68.1075, 88.3558, -104.215,  0.325, -0.4352, 0.2654, 3.0416, -0.7327, -0.0609
29.6640000, -41.8145, -100.743, -102.88, -67.8267, 88.3558, -105.247, 0.3209, -0.4391, 0.2653,  3.043, -0.7212, -0.0557
29.8640000, -42.4103, -100.869, -102.777, -67.5804, 88.3558, -105.854, 0.3172, -0.4432, 0.2654, 3.0417, -0.7207, -0.0506
30.0640000, -43.0234, -101.11, -102.519, -67.4543, 88.3558, -106.427, 0.3139, -0.448, 0.2654, 3.0406, -0.7216, -0.0474
30.2640000, -43.6365, -101.459, -102.118, -67.4085, 88.3558, -107.017, 0.3111, -0.4532, 0.2653,   3.04, -0.7221, -0.0455
30.4720000, -44.2438, -101.872, -101.608, -67.5231, 88.3616, -107.636, 0.3086, -0.4588, 0.2654, 3.0405, -0.7219, -0.0458
30.6720000, -44.7365, -102.267, -101.087, -67.6892, 88.3673, -108.215, 0.3069, -0.4636, 0.2654, 3.0418, -0.7199, -0.047
30.8720000, -45.1376, -102.634, -100.611, -67.8554, 88.3673, -108.65, 0.3057, -0.4678, 0.2655, 3.0426, -0.7192, -0.0484
31.0720000, -45.5272, -102.995, -100.159, -67.9757, 88.3558, -109.011, 0.3045, -0.4719, 0.2654, 3.0428, -0.7199, -0.0495
31.2720000, -45.9741, -103.362, -99.6717, -68.2794, 88.3558, -109.401, 0.3026, -0.4762, 0.2652, 3.0442, -0.7218, -0.054
31.4720000, -46.3981, -103.591, -99.3165, -68.7034, 88.3616, -109.79, 0.3002, -0.4795, 0.2651,  3.047, -0.7234, -0.0609
31.6720000, -46.8794, -103.682, -99.1446, -68.9727, 88.3444, -110.18, 0.2965, -0.4825, 0.2652, 3.0482, -0.726, -0.0656
31.8800000, -47.4409, -103.728, -99.0759, -69.0643, 88.3329, -110.77,  0.292, -0.4856, 0.2651, 3.0493, -0.7255, -0.0674
32.0800000, -47.9795, -103.74, -99.0759, -69.0357, 88.3329, -111.326, 0.2875, -0.4883, 0.2651, 3.0497, -0.725, -0.0672
32.2800000, -48.5639, -103.745, -99.0931, -68.9497, 88.3386, -111.864, 0.2825, -0.4913,  0.265, 3.0492, -0.7263, -0.0658
32.4800000, -49.091, -103.734, -99.1446, -68.7893, 88.3501, -112.391,  0.278, -0.4939, 0.2649, 3.0487, -0.7261, -0.063
32.6800000, -49.3832, -103.711, -99.2134, -68.5659, 88.3787, -112.712, 0.2755, -0.4953,  0.265, 3.0476, -0.7252, -0.0586
32.8880000, -49.4348, -103.711, -99.2134, -68.5258, 88.4246, -112.718, 0.2751, -0.4955,  0.265, 3.0476, -0.7265, -0.0571
33.0880000, -49.4348, -103.648, -99.1962, -68.5258, 88.4246, -112.701, 0.2751, -0.4954, 0.2658, 3.0468, -0.7268, -0.0551
33.2880000, -49.4348, -103.442, -99.1675, -68.5315, 88.4303, -112.695, 0.2747, -0.495,  0.268, 3.0446, -0.7266, -0.0501
33.4880000, -49.3832, -103.087, -98.9956, -68.7377, 88.4704, -112.523, 0.2747, -0.4942, 0.2725, 3.0412, -0.7292, -0.0422
33.6880000, -49.0738, -102.972, -98.8409, -69.1675, 88.6996, -112.202, 0.2774, -0.4922, 0.2741, 3.0457, -0.7307, -0.0421
33.8880000, -48.4665, -102.731, -98.3597, -69.6086, 88.7626, -111.572,  0.283, -0.4895, 0.2796, 3.0435, -0.7309, -0.0346
34.0960000, -47.2003, -102.903, -97.1851, -70.5941, 88.7454, -109.996, 0.2962, -0.4859, 0.2857, 3.0406, -0.739, -0.034
34.2960000, -45.4241, -104.588, -94.5037, -71.763, 88.6194, -107.573, 0.3209, -0.4867, 0.2889, 3.0353, -0.7559, -0.0391
34.4960000, -44.0318, -107.842, -90.2981, -72.9662, 88.436, -105.155, 0.3503, -0.4963,  0.288,  3.027, -0.7826, -0.0468
34.6960000, -43.7339, -111.32, -85.9265, -74.0834, 88.2355, -103.287, 0.3714, -0.5125, 0.2848, 3.0141, -0.8233, -0.0543
34.8960000, -44.112, -113.858, -82.271, -75.0517, 88.2183, -101.809, 0.3822, -0.5288, 0.2851, 2.9987, -0.8717, -0.0506
35.0960000, -44.6449, -115.64, -79.4349, -76.043, 88.2183, -100.514, 0.3872, -0.5422, 0.2866, 2.9837, -0.9192, -0.049
35.3040000, -45.172, -116.998, -77.2863, -77.0743, 88.2183, -99.5056, 0.3893, -0.5529,  0.287, 2.9727, -0.9596, -0.0547
35.5040000, -45.5731, -117.892, -75.7565, -77.7332, 88.224, -98.9613, 0.3903, -0.5605, 0.2882,  2.965, -0.9841, -0.0551
35.7040000, -45.9168, -118.482, -74.7022, -78.3233, 88.2298, -98.6691,   0.39, -0.566,  0.289, 2.9604, -1.0009, -0.0581
35.9040000, -46.0945, -118.74, -74.0433, -78.6671, 88.247, -98.3998, 0.3899, -0.5689, 0.2908, 2.9563, -1.0124, -0.0566
36.1040000, -46.1231, -118.877, -73.8428, -78.8562, 88.2584, -98.1649, 0.3902, -0.5697, 0.2906,  2.955, -1.0195, -0.0593
36.3040000, -46.1174, -118.877, -73.7282, -78.839, 88.2584, -97.9586, 0.3905, -0.5699, 0.2915, 2.9522, -1.0245, -0.0562
36.5040000, -46.1231, -118.883, -73.7225, -78.839, 88.2584, -97.8154, 0.3905,  -0.57, 0.2916, 2.9508, -1.0281, -0.056
36.7040000, -46.1231, -118.883, -73.7225, -78.839, 88.2584, -97.8096, 0.3905,  -0.57, 0.2915, 2.9508, -1.0283, -0.0561
36.9040000, -46.1174, -118.883, -73.7225, -78.839, 88.2584, -97.8154, 0.3905,  -0.57, 0.2915, 2.9508, -1.0282, -0.0561
